,value,value,value,value,value,value,value,value,value,value,value,value,value,value,value,value,value,value,value,value,value,value,value,value,value,value,value,value,value,value,value,value,value,value
movie_id,1,2,3,4,5,6,7,8,9,10,11,12,13,14,15,16,17,18,19,20,21,22,23,24,25,26,27,28,29,30,31,32,33,34
user_id,,,,,,,,,,,,,,,,,,,,,,,,,,,,,,,,,,
1,4.003209946838378,3.9205821934376246,4.155683130006522,3.5276054178290033,3.9203165037936145,4.142859869063827,2.6558631133747004,4.066441293248386,4.010434933521384,3.805404281206291,3.5363346153678323,3.560095145326575,4.960091609636628,3.999342194285538,3.266279391487217,3.88655237960681,2.3767290374858243,3.1526700891152393,4.117039554107129,3.406976347015232,4.011753810782973,3.6092507365055657,3.481890166880921,3.798444727966528,3.7971531043059583,3.9845637522881723,3.330394229399918,3.9905359710369197,3.4569998049511774,3.1078886845068308,2.7233882193002117,3.3556867312843592,3.0402830156009655,4.569568842037147
2,4.970696013512401,4.967972724654423,4.445386989280698,3.9036765758097007,4.831319952405143,4.706521152315437,3.3941110408423576,4.698923353101679,4.531896140308031,4.83749434861986,3.962851933606889,4.066192337846018,4.776532347356984,4.012892495992916,3.9985084076627917,4.217587031311314,2.5271623142383355,3.5430339917665403,4.198975600984196,4.398329545747385,4.99395171408172,4.573772857179796,3.8223694679705944,4.732279778797489,4.31429695124568,4.494237476810831,4.414781068046276,4.163848995643344,3.4625022384782884,4.389090480860235,2.994318343370963,4.346998786967697,4.013365967377219,3.9994141196474384
3,4.017223468167282,3.9857037767455155,4.95572084558202,4.088375261319651,4.5285743473882745,4.271142447123288,2.81865398015994,4.3379692493985305,4.491369262021292,4.367824305470034,3.7245136553808744,3.5321672024957493,4.964912309887174,4.196663280969029,3.4435376210937987,3.621146253152062,2.744795972820275,3.4204409149279376,4.2147459674779615,3.5027881377446635,4.440179006566805,3.0109408159529,3.0160248671296874,3.8630288654095017,4.080978323681848,4.317053908245445,3.8796127580069357,4.4746949015684185,3.2057862229225718,3.237351515721755,2.232667452799497,2.5904242865164946,3.445315492176777,4.5983935615613944
4,4.991071317681552,4.98724984896292,4.929052609971634,4.961960949877868,5.010567019941179,4.961579839188909,3.94509995256202,5.07606645658402,4.951929000208572,5.017255324907065,4.511518302368113,3.8221745499150916,5.000354962025266,4.204302670071773,3.5828728994807406,4.371636905582772,3.1232739735786055,3.5419168119623627,4.34117272967129,3.9823551619762223,4.722349915197701,4.591613649566966,3.5984662286493356,4.979612685061969,4.062834418079689,4.741893365957284,4.503149746403636,4.906732345295095,3.116542163841036,3.412865113602672,2.008146152673245,4.223581134715224,4.171839073334986,4.644311527798367
5,4.9806180519755925,4.2404277948543365,5.461430171197272,4.373680805774645,5.16294439944855,4.554917881988999,3.1506458675668525,4.637627248358159,4.9820750263653375,4.919206196081921,4.143463278373374,4.1065891505083565,4.970037082742431,4.67686782726014,3.2940687329835496,4.269657309613989,3.023975534113292,3.4373253549526277,4.9697425512758855,3.3908169063876596,3.9950590581365275,3.4892616627294446,3.1089714052592354,4.431878344410297,4.506128742447739,4.722972460218962,3.737114875383455,5.073761575760498,3.0172424815061003,3.6099800686814603,2.9962685373598315,2.031796403787276,4.9807464554424055,4.987312934792961
6,4.970675180082354,4.964537370140967,4.168610203743079,3.8774269726901895,4.506919379643072,4.541549913434383,3.555133533671833,4.7079547152600485,4.286936863898754,4.6236673648206725,3.884573252099284,3.7874896519375527,4.3220287284668695,3.6316125903185483,3.907040353060083,4.099714582708593,2.5466326035435856,3.0857156252168476,3.7355511213594554,4.183965620481978,4.888181304213008,4.814910298185687,3.9069520842539793,4.847206318170338,4.016161719655126,4.218061510882155,4.734083138692554,3.8378109882848337,3.4755151859469775,3.8111415175042054,2.010727215426359,4.979288023001879,4.001686887568607,3.0166618738829563
7,4.97886549557052,4.1843642004365,4.2201502851886605,2.0411031026496222,4.145540019688445,4.238418924727663,2.827653685047783,4.041073322690631,4.001311883130109,4.115027370372734,3.3284547103967426,4.967687766216859,4.988576174050788,4.91300067241848,4.040033665408072,4.9834619242125715,2.1303946020822537,2.9399007013224567,4.260430289764388,4.523187383391272,4.619488455171815,4.995940638620741,4.981597498602782,4.693323760603761,4.547055085150219,3.987719646876346,3.797230394670392,3.6676214278797064,5.1672266498924975,4.447144087235899,4.2821762384855,4.518300548756451,4.580255476719588,4.002952332092012
8,4.033183785252049,4.610692595417022,4.988330280189368,4.093261498056648,4.812407098473781,4.380068299468376,3.454706071344045,4.456731185947243,4.892895139551125,5.002104991961781,4.2607699507919605,4.029750881054244,4.414222907954487,4.984763221536229,3.4822618008234256,4.047897371142187,3.309653425447412,4.057157798779671,3.6647009773912185,3.9384703828428984,5.038528679483925,3.635143226637171,3.001188416930338,4.480387499185612,4.267491414520468,4.697505765956771,4.961250844950559,4.964603056838056,3.4012043868654,3.47345969871545,2.0984472324252583,3.154234138964466,3.7952299648901757,4.454975866952468
9,4.985846192262821,4.63993427117664,4.99913655193722,4.143101604963414,4.872188047509276,4.667983667443986,3.407853725607082,4.7964551025314135,4.769186361904807,4.76344029333763,4.352415369027777,4.2894666043148515,4.9990225082106265,4.8675535618792205,3.362434923652296,4.977782860746407,2.9797567758323926,3.4525778689343873,4.3648528386148095,3.5883697342674856,4.5955835785004,4.565698400202822,3.972595922602778,4.753829813762847,4.420938470794251,4.743282191714274,4.05378724039795,4.974981388703124,3.998279843989274,3.446445958862047,2.6123407175923123,3.734432786870841,4.461547188300572,4.89044537093698
10,4.009612430358729,3.98510030357811,4.000586016548445,2.524746969277069,3.924604370299355,4.25157914953653,2.7783623806522857,4.018302369044857,4.00791063044675,3.903451705543995,2.511237481150233,4.011588458401418,4.990412408791496,3.0193964484544376,4.950846642751051,3.549189096636612,2.9453851522513883,2.7948628521898176,4.5190300307862135,5.08705241819801,3.978715263689398,4.001600750705407,4.960475599628664,4.037051883031732,3.644703891165986,3.572097425516714,3.8979567055199977,3.2068308017536284,4.997890679825022,5.329685922486138,2.9674596781283187,4.660320538846012,3.2996098972985894,4.0215498144435395
11,4.958841513198515,4.008156368254538,4.975767696552201,3.570189524713887,4.603501292906968,4.332998649259258,2.7020712579932775,4.419590949076118,4.313751341666082,4.532424837220712,3.702806242979663,4.156561321541905,4.4548000604731515,4.969882846706248,3.3089215941715953,4.018408300982703,2.796083005904639,3.3763902220053508,4.019406564018436,4.074582992789067,4.5671979923332655,4.126125621880245,3.210834773337154,4.3283986180108815,4.39792217397126,4.058126813643308,4.188094859295597,4.1801216646557675,3.7773586077339547,2.9922833350797875,3.223308348938435,3.132773120836784,4.995824601816569,3.013178724227475
12,4.989623127664834,4.648530246354467,4.982022010388365,3.998632772437069,4.919962946672272,4.87677675588568,3.507579271213265,4.981922088450962,4.768249623091635,4.759963064676816,3.33214410077104,4.022505184507117,5.238452760934721,3.026817908647458,4.975818693215347,4.0212399065974065,3.376766973776154,2.834162673156296,4.961263442421455,4.922161968198817,4.3490311224911,4.394028527423826,4.974383252696992,4.7257217027853144,4.003318418134931,4.30241842298935,4.388797646684716,4.145424535518621,4.676057960254102,5.201899304350919,1.9761781063924053,4.639745842865216,4.2262651138667655,4.204803454889787
13,4.0019750882504335,4.332561882692481,4.173444052238252,3.771929995564525,4.860819387662232,4.101132730327336,4.927601987824694,4.055797829771576,4.53771191257122,4.940310197341929,3.5507919013171225,3.5319848616727465,4.001195027782743,2.9788492593602927,3.973565050912635,3.403133117402795,1.7808946492067916,2.751709355131398,2.789658650458024,4.146692956947566,4.896504290407368,4.007964907507383,3.010217771270416,5.362212482801931,3.295494463670393,3.9723017927844015,4.6720994443549495,3.9750538353897436,2.0508207089478576,4.133131079100662,0.7895833505592569,3.9326998055512172,3.957630179893214,4.209704369793108
14,4.976526022836971,4.032879576749289,4.991723505357352,3.804024055689938,4.986220464304792,4.556663433092062,3.660664338063849,4.614121619734923,4.534838472557756,4.652116785628448,3.638817339749298,4.149778263459899,4.984326183904594,4.416765331554992,3.7334041863581624,4.383560817875617,2.5366720525642017,3.030609973396395,4.193063783172767,3.9759839009111864,4.786325790063778,4.521610814438812,3.7947015520042178,4.970682851040014,4.2431826939814545,4.120863027504369,3.9559305472608584,4.287105915449653,3.8370422744358166,3.4475319167085208,2.6442816123023745,4.007279667889264,5.196470232452589,4.498870323612992
15,4.974866631256995,4.761950458790992,5.005666026237604,4.969973159951671,4.9695087629272665,4.877318729007083,3.5725090028125197,5.043721920248242,4.910109886639763,4.858142502917557,4.3328690989294385,3.763180155129707,4.995054885971011,4.008333321231904,3.526976163413864,4.313384513212326,3.2202998797361393,3.513745023205412,4.46348918751368,3.6967595280083034,4.252131012161845,4.349261066080548,3.535540241515208,4.661277791858632,4.0501946553130646,4.707733466609507,4.124774559698804,4.979852020443418,3.323293874256626,3.3850817491271155,1.852326320253531,3.5816271815125136,4.102145137515777,4.572188116327969
16,4.008152698802018,3.8344423131588217,3.991954984730541,2.9030678664613965,4.557514412678739,4.236143751787145,3.1201224520608393,4.003009858610833,3.9064613329556064,4.443407929933183,2.764688595633544,3.652283364771638,4.030926080865234,3.5738595125575743,3.9697053705125316,3.6733420356303728,3.1110408557293807,2.9776609517796873,3.8572677465347267,4.581916236219417,4.50811302084301,4.328825170315131,3.8244709570458557,4.199222193539676,3.432286843142429,3.373464930907762,3.897842362487564,3.1618388860060764,3.8787428012588876,4.974829651269428,3.682413650726018,4.9833116964257655,4.980401110660938,3.9979901915051754
17,3.9981888327438595,3.9974234298736784,4.028482045777417,3.5483046466803017,4.9208153075280645,4.149741385042436,2.8865887893975954,4.140996339557745,4.0994163270799095,4.515103616107181,3.046274749431838,3.502625393526287,3.9887491618453566,3.515568259495943,3.710126390882742,3.4989860010093383,2.3634365973355758,3.9461240728489346,3.273808365973062,3.4016722431229964,4.709595698102086,3.827661995743668,2.4665673375559716,4.016959947634159,4.036947503872724,3.878376447138108,3.736372986394229,3.716211068377763,3.1825454524388626,4.19276060515401,2.6332699763718757,3.3162919060073164,4.20183089447149,3.9630373630420865
18,4.985534895179281,4.495004618506115,4.986371013943237,3.7616579304872415,4.957024345287795,4.589325011843485,2.9206423251022366,4.728900200082451,4.647463583498074,4.690595982047546,3.9212890276724575,4.391457516061607,4.9985293615203705,4.991842469149427,3.781962208178296,4.538817447794175,2.734765709135773,3.9066059067344687,4.3803403145405895,3.6285817673100578,5.0029341864764625,4.259311427434319,3.5267336198129904,4.58086107251296,4.971198749467192,4.594901749033543,4.288770307832495,4.535018053407102,4.165840684736349,3.5293031218562314,3.0943815985607843,3.5082093268789194,4.6894082689451935,4.276876471532117
19,4.923213313878791,4.989251030432098,4.4859639342647615,3.8940962098768774,5.343297113479915,5.016456102720343,3.3631880260648153,4.879781704438684,4.970794765483541,5.1759074368531515,3.5932347666789592,4.655809472761547,4.876712833859713,4.299444479261143,4.9771582713901585,4.015254715284999,2.8434014681015363,5.1175689977955185,3.8065927249009905,4.36730495807386,5.0000745503181285,4.9652234368299535,3.01436184317581,5.004561862669116,4.979556985993619,4.607224960354612,5.018235175552213,4.326824193096586,4.307266557687191,4.873108357984223,2.9880500282502407,3.83815449515807,4.6545713346000825,3.5825292033200014
20,4.727193638947972,4.972111260782661,4.471208919819551,3.98993284417455,4.989092092615163,4.7806334096389635,3.8985041657632764,4.676511740574044,4.695296283777797,4.9825966685948,4.01695501006509,4.073378610597552,4.940786217990603,4.0163072194812175,4.070766433094088,4.319010357153429,2.6445088469795452,3.5299367893673095,4.2570467268369665,4.584527143978333,5.186473094741765,4.618638916503988,3.996745754937215,4.976668904363548,4.132329928510008,4.539266584003665,4.4098517161976885,4.324533957688964,3.3550123350075336,4.646444239645927,2.9908316592813127,4.732887045755818,4.0022685162060645,4.990909284241631
21,3.089775179165531,3.9665331581894265,3.164423369951547,3.24129570324908,3.0095799021189666,2.9260896824212956,2.416205396052962,3.0215977219176335,3.453480425224235,3.4960913182397784,3.9613140084501244,2.6840760231340783,3.007903472189782,3.265663420487034,1.6549350374487766,3.193663879230236,1.3400707481261835,2.565822648681227,2.424593562263018,1.9998277746453024,3.002996347919111,2.2805766166950296,1.8590349355185254,3.010736674298535,2.9105935513641437,3.964551913589547,3.1576309127352085,3.99209426685326,1.0058503499661748,2.2411046615459242,1.0470830754752014,1.008531974665572,1.2441375418563614,3.025594437857276
22,4.38393347343144,4.00976380339871,3.8009157094906527,3.3113037044514306,4.377795530936202,4.167191766199603,3.9839490802173043,4.0367367761310575,3.999338935184676,4.348239122700775,3.459478496910873,3.804678071390657,4.069195236700842,3.858118610981576,3.3339963985838206,4.111246186544425,2.0732429877005485,2.8990643710450037,3.003736330607336,3.9137749961155195,4.463142616960189,4.968281315796168,3.402961715450796,4.975387343621674,3.404597896275371,3.610183431463663,3.8881163243128194,3.6837260045095683,3.143003276606187,3.3460966170336253,2.358538014927022,4.636958261612,4.568244284260458,3.860066814838331
23,3.775646285776368,3.9854060205268533,3.771098062675201,2.796580923464504,3.749873418483815,4.152200611258662,2.009121027149194,3.776949260183006,3.764348615716838,3.7606031145134025,3.442229006284454,3.9602079882009344,4.846208470236679,4.984772404295236,3.0963289679735055,4.069270738324887,2.827440353179632,3.889781903951656,4.335544360283071,4.239424519313257,4.464224700098975,3.9115652476488147,3.6560221695942845,3.4284198037304594,3.9973798380890284,3.869866808646089,3.218647350035118,3.747058928155747,3.9853540231602427,3.628228653776328,4.978030459501542,4.003835040585625,3.015283298496914,4.986624186595448
24,4.976256022546826,4.9963018522924205,4.979092131782942,3.6982238678058774,4.990058603320244,4.998258019407206,3.587657561147062,4.972474297751178,4.896592654458162,5.009363951333731,3.7006317154599775,4.520613902105645,5.341258802634525,4.154348260192708,4.977741883068976,4.396593850287007,3.429982006476834,3.495963851523239,4.856656710351028,5.29953805016933,5.196093115210496,4.735870396545124,4.969598464830805,5.003007523132664,4.487071290527735,4.551861832685399,4.977698535445821,4.278447434409509,4.904812748448911,5.224172735297999,2.9824081699420386,5.191562410386792,4.362753382362327,4.469926948119527
25,4.418339747456589,4.97465904423431,4.019634617218439,3.6243642841277186,4.750255164866548,4.365669746287513,3.9180048965841974,4.315382025973421,4.493608117161021,4.982791430608912,3.9170914019200582,3.9717021164782134,4.006721990817405,3.8991710991296236,3.9370222167782076,3.874475428011255,2.2605089306228203,3.7203699445738607,3.1415387247456508,4.239028873291584,5.142374999448745,4.475631306300663,3.1128699245609965,4.976624078108357,4.041279705422013,4.3515769801621405,4.979618435296368,4.029882672637541,2.8276537237476993,4.337082176472579,2.239247443805629,4.219164924424391,3.872824651908447,3.5153967461756235
26,4.945847358422666,4.996193647979837,4.694769941807983,4.147713076494214,4.998344947637965,4.991307008250561,3.586110287832371,4.980151706329649,4.816472502334308,5.014591063729805,4.023762752212658,4.295719743880723,4.932806315937734,4.527708214117268,4.291511803828467,4.3591578954739685,3.258316327264877,4.085841325578906,4.18293276092119,4.503687158156262,5.135247648319346,4.9828579507838935,3.815582401440437,5.001142022990377,4.4818312490087076,4.5351927809629045,4.968466226630491,4.3942787244498644,4.157280307351637,4.148036840683676,2.860127816185229,4.872725861868016,4.580675786966891,4.001855714624385
27,4.930459958207914,5.011975664570556,5.081044229571737,4.597373201901909,4.986831470916283,4.723274846092801,3.9265146449065615,4.829073873946139,4.912129639374907,5.113732248682957,4.939987955067658,4.06575443738142,4.921130094933691,5.045499868909213,3.0049712284647465,4.866111388326684,2.632050068144978,3.4027067787746796,4.077226824636062,3.7402466795022558,5.178764720373659,4.39405058549478,3.561580015139473,4.994034963803397,4.282041801045995,4.994064315882229,4.468308752765639,5.174141708425438,2.8655480990536026,3.209360629475164,2.4654224884994966,3.779530503360872,4.135222000942826,5.001030072278488
28,4.945366458179065,5.001739395364323,5.157946712539054,4.185662548874105,5.270871799916726,4.807803527895015,3.5435228312893385,4.945470481554304,5.093847051966316,5.19747380454411,4.311527021752875,4.514218479770847,4.978471739068349,4.99818224110601,4.079021892745761,4.569746872630834,2.983209423248432,4.262520407100368,4.1855649068921466,3.9680757540729505,5.340771638007672,4.381895489400461,3.483651221982855,4.995641870175257,4.9794533797972855,4.98318897624167,4.979466926913443,4.976594210877211,3.972604094660868,3.930445055261222,2.5114009762565646,3.6379740114441503,4.482631412533872,4.479821286602394
29,4.992548266856605,4.976981667634077,4.793775172042534,3.9936080686951136,4.99439090734359,4.783152406441015,3.617797595619,4.814969808785676,4.769229151955933,4.972659004796499,4.425482905428074,4.3984827745433615,4.999910895621096,4.992632888204269,3.622378747800725,4.977324331513639,2.755049520753819,3.722960514961998,4.219605177160063,3.9587994975648737,5.25385747306105,4.815337781962811,3.9679623644722155,4.993243533173987,4.592755295595351,4.804534289685015,4.467445645521894,4.746390661381167,3.8443198141940913,3.8911325928850378,3.1032106262890924,4.423771998842712,4.4577395521776895,4.881018039746679
30,3.9688596607023117,3.9057621326088223,4.974814770808593,4.122319043509931,4.981682227596033,3.6994494274726346,3.2766304715557886,4.051328269046872,4.554365187845166,4.9672470983677846,3.8703703993728142,3.392801929300943,3.046872496697369,3.993839635371532,2.509983474045475,3.701848182386057,3.101528893238529,3.124851537481213,2.995331252316218,3.032389100207833,4.004767459586171,3.008013181907954,2.224349645289325,4.002608266116459,3.553114259927895,4.302382623860064,4.009878195839366,4.9562234237466,2.4404536983952707,3.2623225241111737,0.9825652755937537,1.4588849279870006,4.398168095516696,3.6985044008743553
31,4.52851346200537,4.582006383765299,5.000866961033333,4.306011667574493,4.939504695425391,4.667923864381904,3.4812636406652055,4.7639953994519795,4.95826987676898,4.826543620219634,4.027212711719511,4.112200977188529,4.971823111556513,4.309670903661473,3.8801176053118693,4.3633553062774455,3.357414252941492,3.7812268851469186,4.35438018503674,3.825621344827283,4.411354706855731,4.101079114644331,3.7158113887933095,4.6071068915763105,4.259882047340379,4.698354395842529,4.292665813065547,4.9884032419683075,3.991201649072435,3.871231820854911,2.0048118037138067,3.4184243028865753,4.0019777791036075,4.992707627192411
32,4.526661691587161,4.303750319855537,4.9781709090120465,4.958310859333204,4.684756970473517,4.797230966430137,2.9868311185374052,4.903105784834856,4.643349958423891,4.529026645476905,4.0474015333633915,3.402439412789529,4.98953698377859,4.074594497862476,3.249985869103255,3.9968348253011077,3.6971697726534796,3.5149645575396593,4.596297513624274,3.69259336415954,4.001026682846743,3.9854821089372217,3.3906611433843334,4.022850810863757,3.7399574558428443,4.359832960247605,3.7671812545253767,4.754488334702167,3.509451884579766,3.0598806034586685,2.275653362038337,3.5920216916389522,3.9741105893480846,4.615294382570125
33,4.993431836468456,5.019933683944986,5.001698911409918,4.620601269343612,5.387514748827452,4.986255687353442,4.948849488347921,4.9835069367967275,5.102992368713076,5.422510091527763,4.4478064299066595,4.114705089763442,5.00012093003989,4.214614695775534,3.966563891209794,4.562131238900039,2.742464736195341,3.2053313891269806,4.002511997498815,4.632622110992888,5.443150758387091,4.993626658677497,4.000451511720978,5.766765981707392,3.9501600562139627,4.678441125989642,4.875939005656481,4.813280765481919,3.0442499522654494,4.094727950678049,1.9817823497304068,5.019663671465258,4.754754945872761,5.196898188501027
34,4.343352691510789,4.500193231485269,4.999758649069073,4.756682361322672,4.7027066116733796,4.8302944304515565,4.045254294209723,4.627837163047853,4.957028544577721,4.979459662965772,4.245851004641195,3.6927598950665588,4.974708617975341,3.834617512173631,3.533965727359857,3.9998316978208734,3.6284679727344944,3.0208282179249606,4.362843233229463,4.831880146298242,3.85959760133832,4.164905393781842,3.934359385398352,4.618814389079431,3.052062947424471,4.423540528988051,4.090244250678275,4.9822544629082754,3.0881209697218095,4.139909343195,2.166492130002912,3.6848016309812857,3.7425160244302287,5.077539577432896
35,4.905839777641129,4.621325111879125,4.996391914096348,3.302908192522933,5.1023062141617395,4.544703818407279,2.804625350581286,4.437341770420488,4.912256935714846,4.999006852148205,4.00583440008509,4.98456162786537,4.997674356129009,4.988521249691776,4.028505459460105,4.961091929572919,2.436966421678803,4.210294050729365,4.09354675921856,3.5942451391886383,4.301988432638756,4.230244906176056,3.582596684919608,4.4843193352908335,4.995639814608563,4.990279668182952,4.008019372759193,5.003706150840533,4.47388647965667,4.977313053597765,3.405920571197204,2.0255961985521473,4.46544379534014,4.434004355915191
36,4.613518823150677,3.9980282620398357,4.978006348841261,3.696271649540874,4.35939911284707,3.9972748202536277,4.286966165211404,4.333617162646356,4.274352688078749,4.32829119678595,3.874725061075063,3.5058157401160535,4.598551437823427,3.580582312241217,3.1103456559272247,4.491826966805364,2.4345357370307115,1.0223810423541868,4.249219892481893,3.9376823831711496,4.5622092896455175,3.8883334815763133,4.977874841237446,4.967005258746231,3.269702779269991,4.013381019976697,3.8193017344802422,4.281441536476687,3.236557451738854,3.1190135483637054,1.0099130701404437,4.566927816623628,4.199385204310503,4.992871957947655
37,4.99824678435761,5.118319077262674,5.003159000957122,4.707051752455707,4.892477818202035,4.850631154070024,3.780351059809613,4.979486508522293,4.8736005461279275,4.997261487192961,4.952190076038317,4.007073812138466,5.069834593295947,4.971679917500831,3.0626440010807015,4.9892172913798065,2.896210250711518,3.412234986037449,4.347866589637332,3.6989726946862005,5.082883284361572,4.571870825516779,3.848232486269827,4.906314740971596,4.282914720313455,5.000555139202846,4.409844933378566,5.125531572009925,3.1611569903680947,3.208894504937346,2.5622111296028796,4.242278607626094,4.055920681955449,5.092788164089278
38,4.176644245127492,3.739220106414146,4.952524319053689,3.6562045761043356,4.9650468161225065,4.003790824214838,2.9320546973962713,4.246735523647499,4.215936922289669,4.634641366821776,3.257657601656208,3.450625640959988,4.007948643861743,3.9736764066709984,3.3644916164933036,3.570244842422795,2.7440157018746585,3.008990740007798,3.6794504962770995,3.7420707263397657,4.992520383456763,3.263654494029143,2.9988820357772084,4.013090116811463,4.000513277332379,3.917875860706119,3.9795552611443106,4.013973389799953,3.2992494686947076,3.6332403176641366,2.2208310464222665,3.1108372122783456,4.6426138137274116,3.886734246999816
39,4.813891176108641,4.946907110683502,5.008323090690498,4.276647456830762,5.24335489987365,4.75962021375394,3.1257420166983523,4.9666574128891785,4.990310269298227,4.996332396691189,4.019711087629547,4.223198246345345,5.002958480418918,4.343182076323712,4.2590629690219215,4.310564213765962,2.9814783753458993,4.310015302334583,4.3826889694363835,3.5786945698872334,5.005660044544259,4.0107515394340645,3.3787894330884565,4.573837138878279,4.986527213155009,4.9560299124595275,4.637855874669609,4.81984215342235,4.001216069474047,4.214134029611966,2.250370801078088,3.29898566802745,4.07379619172637,4.4860684426794055
40,4.973629458038641,4.573788769854909,5.198917678915227,4.976846763358358,4.424664943673356,4.646026604672145,3.9866055220418763,4.964050958941408,4.495104137337664,4.4976205226511805,4.993923053363214,3.3427023779384752,5.013796009613998,4.713070803668086,2.049948674460505,5.213084655442286,3.5317001104360024,1.7226742200900649,4.99357066957402,3.858371047492271,4.668078904688359,4.5133016822664676,4.960837273910673,4.717159849420151,3.2789673429964186,4.521589297498305,3.5722901701557115,5.091238261574871,3.0679027342743455,2.1249991967037234,2.2015676691396595,5.313654816791649,4.1236527734712185,5.969645430761466
41,4.591872569752592,4.586247092735839,4.799224367164719,4.962766788587121,4.992624843320555,4.982188216459573,3.3055186328615322,4.976306601835104,4.907573899484623,4.833693392369044,3.8954276337389206,3.652276956965722,4.993441354426544,3.734422752352049,3.985824865915204,3.769179197044453,3.522970151471152,4.147091390790631,4.356305654609012,3.7905826965196923,4.008238983299467,4.218772627920151,3.0087976312996063,4.386241066836853,3.983100714000606,4.478178581922209,4.215346292588916,4.692897582912708,3.4580946454580284,3.8089827203724904,2.107403339492882,3.4512081050522436,4.1250377753203855,4.301514937736606
42,4.030229229717091,4.347074311026518,4.17896007022927,3.9900357511003772,5.008566020630401,4.341959105898871,2.9138267989457836,4.455917991568575,4.463428225411296,4.643974692895768,3.4484999003725028,3.7626954717833665,4.130212339283524,4.180627380744168,3.8357681236208445,3.605354722307932,2.637933651989057,4.958840700053063,3.03488023652752,3.003135739272123,4.982613062976613,3.9870192234431636,1.9303642160434713,4.228647400024944,4.619732278424575,4.287253827277709,4.4407508809508345,4.230309453926535,3.4798104058080987,3.3873108776246177,2.0136603906793464,3.099400638436272,3.9910472349510417,3.732214585290511
43,4.285410111921003,4.272823002706299,4.284253044113232,3.428371079135314,4.00990297535948,4.328728150569213,2.8905765736699465,4.182813869958481,4.103230103228551,4.1188294941197,3.977954743527309,3.9151375394509014,4.971985596405609,4.978479151723358,3.1508927414448458,4.221524641389882,2.4660531997802577,3.366546193788892,4.105366991704928,3.9192117839838954,4.794962849658077,4.095095695296208,3.5940577166335976,4.212367506064162,4.1016565253467565,4.125194870893536,3.9854581886474905,4.016529746908398,3.448742895275086,2.9541498679602474,3.611491299773316,4.176059481834002,3.5906456778501967,4.395910739648765
44,4.228623176260064,4.119676988656821,4.108448692468992,3.6805045723162566,4.978998295186155,3.9905225767391626,3.9955325908654964,4.0727174112053754,4.300806115542586,4.754791080291991,3.5772210384699745,3.653475694108791,3.745363560426387,3.850607663349582,3.366437290551352,3.681655220448302,1.573667957725747,3.581867902587865,2.5309447171019044,3.0037370208841585,4.9970657355927965,4.072312458852686,2.0252172807443563,4.950549003818218,4.04189381201855,4.013833206655767,4.312634425865133,3.9918704565907257,2.219260542555866,3.204433822747305,1.5280438753653645,3.157225774800402,4.58821412081657,3.6657695409740643
45,4.6285311901321,4.50827918325404,4.56501643376409,4.031429103179254,4.96423757651265,4.983073151723338,2.0336277654643515,4.949495571539121,4.661062053068143,4.571690335001739,3.0640638396790183,4.1356542620727845,5.0815762399694675,3.8938507713895336,4.96542744757735,3.5666477117956736,3.639629900521985,5.131430845243672,4.518725074420456,3.908594390103432,4.209486321168754,4.234890018563689,3.0172476361280083,3.8479924515255766,4.907390198094129,4.318629673950469,4.395744956526617,4.03678523344772,4.997831644261383,4.664171784492082,3.1766832473702347,3.4014045417258014,4.283739289770693,3.2664336380072703
46,5.193424587239074,4.933123378651938,4.979388804057414,4.077304250171431,5.210929665775956,4.999260120271419,3.4523894820448806,5.037932906894406,4.971917120188813,5.007711959485522,4.222712710638125,4.669273018336381,5.302007543475536,5.067435340649314,4.104384468605765,4.986124143241055,3.0155392310174984,4.227138049540423,4.47943093856376,3.9149539732589704,5.1075133720756085,4.986221285248528,3.925128383478249,5.061658570723495,4.979659214823498,4.866310645575229,4.536501487255567,4.8437810193959185,4.480764583580708,4.010420188135825,3.151916630593002,4.2529279005006035,4.840993093691511,4.828078056366799
47,4.749807666644863,4.913828511304671,4.480940996966436,4.167562144399212,4.87460237172122,4.976647799671691,3.623555367828872,4.755775607852224,4.716960816151118,4.972891037168843,4.067938596887212,4.184702770318273,4.996474981872827,4.303864101569059,4.023817511646172,4.299163994680683,2.9975184598453737,3.9855477104782038,4.0488353985996115,4.828654132134787,4.858452880017494,4.9767237801509925,3.8017387649535204,4.814425785881042,4.003643143473456,4.476315465803107,4.423201631389104,4.446991157766796,3.7525110008691596,4.4336342041139885,3.2269417876007003,4.572133037815535,4.012741756665535,4.431527602169613
48,4.607697295365736,4.448246500469839,4.484023914258049,3.705840477937758,4.525764277925999,4.944205759576652,2.382417319384998,4.672081825382245,4.5195538320373725,4.451276095401928,3.4424985535280777,4.3490365190836515,5.272549087979286,4.452528428405272,4.362230054781817,4.096130991674734,3.616385952295686,4.435657036955401,4.620618221471964,4.669584997519383,4.118751982796155,4.663545226175931,3.8839468597938467,4.018005880704489,4.317924958936533,4.227067382305836,4.021284137900894,4.184613954692864,4.97828253126543,4.523604759980701,3.9913034469270543,4.0067633499290425,4.009671974573967,4.004727648268895
49,4.799912445413764,4.586331747252029,4.699483241048745,4.434742369113176,5.047938064157496,4.952188188896995,3.873609514876616,4.796872152819752,4.628745650986791,4.960368584391335,4.098850788519044,3.7908043561532736,4.993439204111324,4.449203966795835,3.546595528818563,4.264883630274137,3.0340471800773003,3.4463827373560822,4.427881813088229,4.368840944262601,5.041786035470412,4.7484891372732845,3.5697479150389526,4.921932774272791,3.9073771389944563,4.251242703743314,4.212666864798312,4.265429948244462,3.022636538444488,3.82509835494354,3.529763978099224,4.992999497105542,4.984691792429132,4.995163960364234
50,4.388350175690833,4.748578166743957,5.247415098661646,4.0196212798527355,5.080721830605892,4.455314089457938,3.1014858197029054,4.6518189303500925,4.982465274974678,4.985592230096606,3.949804651669892,4.076460425012744,4.979424797350849,4.422196681117408,4.286299294264251,3.7474304124421662,2.704361645414673,4.031474950419127,4.321497977172083,3.789015484578286,5.305910047509638,3.0400639768701705,3.090995445344723,4.394486695456872,4.976348936971825,4.909451329354825,4.975014480401019,4.69892188804159,3.4405072787740867,4.136503340066565,2.0798265394971653,2.6481613493969074,3.6354458051539007,4.345053606428684
51,4.326842933393339,3.870653970813479,4.207010356726649,3.527318274240095,4.304730395130636,4.268182454574029,2.651292755799368,4.182347305869196,4.020389211791924,3.964624845810834,3.4211655123575357,3.7211802071128655,4.965952946371734,4.007072465174133,3.3168569555394525,4.130206555558968,2.218367821537644,3.30360919137259,4.120152998618942,3.368580225618987,4.119984869277882,3.9919643485309724,3.453343202755176,3.9296896655148945,3.979315796610056,3.98333861718172,3.031917913081065,3.987631124074089,3.6374770221546773,3.4214295628092044,3.133727663959059,3.373182649299243,3.685885738319731,4.707329518230035
52,3.942669094917136,4.128544344081084,3.9091235465150462,2.854861708244207,4.818011001170856,3.918017427368626,3.4227812733598197,3.8208401403640515,3.9970149344730097,4.949232454281119,2.8311649072519427,3.5894727197434264,3.0148933692497897,3.3673028548612396,4.096473863218176,2.951520692019883,2.439529305037608,3.3575539959297895,2.6109944004243717,4.538340529466113,5.032088993666991,3.941159575946684,2.5339384205818267,4.457465286557657,3.6296944557842243,3.4629230713550045,4.965477603106114,3.035729511293439,2.8053543723051493,4.993619984516996,2.6287450463383832,3.999391080484853,4.9872736209768895,2.1816505473201113
53,4.773221114707967,4.9761898366382695,5.031676871349063,4.279088694293467,5.005370820501653,4.657253136003089,3.6827861959973305,4.83215327802068,4.937784766573211,4.9896660023960715,4.389705829981654,4.132519391915824,4.999172593445457,4.365888234538502,3.777216209842585,4.638603754579145,2.8156192066055272,3.447995247407796,4.3062165061051845,3.8771391349635262,4.999007629399581,4.136274762870114,3.988609829871724,4.8120022168756735,4.4232911158976,4.9556871455812095,4.491075976736613,4.989020900098461,3.6307669332865564,4.027061353072384,2.0065838254463952,3.718327093131668,3.782091691702925,4.996158153432612
54,5.127162950450002,4.811644729319824,4.970407947865445,3.7435374240011514,5.027519035950581,4.8758151887833945,3.418988145613041,4.772249154217901,4.982147441054909,5.004852345842423,4.227104741040476,4.949826614492537,5.206532535047208,5.303146683998215,4.003440970976348,4.99749036238156,3.0002731143520487,4.2077931806958,4.323175640702832,4.3235531887767475,4.778986058958419,4.993220329728088,3.994100869389738,5.032735016127053,4.806915706080437,4.831029599959975,4.441438061637032,4.979634093446082,4.573629814423526,4.148766721723183,3.4258055142623514,3.705078801358181,4.672402141620361,4.677655394059131
55,3.263442679808686,3.480219728956782,2.954684970618518,2.0732450457026013,3.7669308956312153,3.4645261225247728,2.7814904536461293,2.9874210023492083,3.0657904618434753,3.986459573393061,2.6391574253214913,3.3433706894774837,3.1325080821227336,3.7247437391227156,3.001348262493828,2.8400401571750513,1.446575737938314,3.165619278286718,2.0298947444072883,4.980039449386033,4.984700507566028,3.98690295221885,2.507326257491835,3.708916852023341,2.901343554773251,2.843162368272313,3.589788408803738,2.5219324040293216,2.480515042744545,3.998312505680202,3.9844951928169197,4.081686910717273,3.329250504286149,2.7209963341599552
56,4.780603140646885,4.750966233961326,4.604252071977736,3.428239594415427,5.083536707766888,4.822469588453422,3.31686964287434,4.535920229611989,4.93060855158817,5.112693479706493,3.6603090243374767,4.948783920152081,4.8734576660797835,4.990461289023684,4.68037861340585,4.0290054839426395,2.866237938864251,4.9855836713698265,3.832090805673407,4.8791638494081,5.003122105394331,4.7856352101871895,3.1206145276215875,4.97936505166105,4.900042575479901,4.517932318326884,4.992972812950332,4.415771847681635,4.300219408735537,4.6530267568304335,3.669876348216588,3.4958960191797606,4.6007942184248165,3.71342193055436
57,2.5889029337625993,3.7503004068311974,2.7073017634431387,1.9873703300796692,3.4126116895289536,3.0785626679926272,2.558486182859136,2.796871005949882,2.951499134030864,3.657277181262927,2.273980907105604,2.6717441522447016,3.2388082293756075,2.01397982100429,3.644877023956221,2.044419632614684,1.0405649248500444,2.518140722752949,2.3239790547749517,4.986985149615547,4.962064440059577,2.5470905935492123,2.9978658021028393,3.0749336018492284,2.6566505884402636,3.016692326940878,3.538301434056677,2.253574610589618,2.078442991739406,4.972620715443027,2.4798263852808717,3.6229181585358186,1.024307469133769,3.064826127081766
58,3.8484173765094147,4.0989180690397555,4.009490905032723,3.028536009651663,3.7916916307100443,4.229467576013166,2.691451337687682,3.951431358874706,3.8518961672973373,3.9401539595907145,3.6119322725996836,3.874499404029409,4.825613519388094,4.967630187658611,3.1295480461195635,4.058275617705061,3.0063881732428652,3.3884305081612847,4.199444126324214,4.984254862596899,5.041672073490738,4.183271376655395,4.176787244463214,3.8883510593902657,3.6874900414271465,3.802926208741533,3.711707225850645,3.8009892825681226,3.9893222874039322,3.3225067628027225,4.313872801283929,4.988223650380791,3.018941007876173,4.992125779840735
59,4.625385636156091,4.586241717955933,4.197757716313162,3.0369693677339424,4.7748564133361935,4.707013777607416,2.8342741189392413,4.411525742503736,4.265716979830185,4.640828472417884,3.705137540280103,4.456652598299962,4.938128171574174,4.989807758692348,3.8309596371237618,4.974013186963762,2.9028540205067825,3.8969893679988536,4.421165384267365,4.020562175216384,4.999221305369691,4.948245719584354,4.135287571145744,4.425915300134247,4.5187800928195045,4.287806059032478,3.8917272776865817,3.9066864624692945,4.461753990043759,4.971221324267613,4.983055438245688,4.989406793782287,4.936311880938137,5.000449353002633
60,3.7410773255292122,3.2389553724680225,3.812547281001766,2.9265774984660182,4.098465457434038,3.740834631459685,2.8665936714028355,3.406453853206217,3.4583963836751765,3.9719828092683485,3.414986189685487,3.2941201118227013,3.862153094714425,4.983323684589573,1.9058056133244827,3.833392592604497,2.2788581603147104,2.7961249483313386,3.7255772449444304,3.4803366224318597,4.548521852634325,3.736259484027538,2.5746339922197,3.8390924722217497,3.3380397864223195,3.236683803234904,2.871482362063084,3.348767759635527,2.0282784461791934,2.6903138653401446,4.978653480773998,4.002129760478887,4.972266815794282,4.9810444452010065
61,2.8563702885246913,2.4735548788667887,3.040683170925531,1.8274858540171024,2.8102467076003976,2.6261195376625865,1.26758474575833,2.489098484048055,2.522732068976288,2.7531479475981953,2.8212514424808357,2.960739459404769,3.0657143706733017,4.963048904779026,1.1935581924301912,3.0543251930416275,1.315918072769141,2.939259909265451,2.419011164537988,2.4021817076098175,3.9811083763393924,2.566964615189063,1.5160233392319753,2.5313835235377224,3.3837163523314873,2.7510687087768577,2.407947080625717,2.8078445476741254,2.164675694847195,1.0148092452725115,3.9812431779455286,2.0167781393886433,2.98726298347632,3.0029027451727766
62,4.435896979848779,3.86672043220225,4.331483352483639,2.8768424554004657,4.373673628143325,4.554329983842667,2.4408547509506633,4.244708827369216,4.01782095647127,4.252337344693854,3.0802715699747245,4.309633945920659,4.7576423239793515,4.989667939719463,3.812499223840623,4.195161228702254,3.5842897690097106,3.730896825534649,4.489735516342904,4.989475221264362,4.627022467881794,4.791358647526458,4.16100283883453,4.074262318994779,4.076407457708983,3.6014000195532168,3.8022878277425454,3.582887033080555,4.979127414834264,4.177567764585445,4.987890433129368,4.995514492823072,4.9904553546962,4.193268073958985
63,4.354237684298451,4.240900719052892,4.382065452181098,3.667255832981748,4.182004741016474,4.098058365027288,3.5335361050639067,4.389949186501833,4.073508349765058,4.0817889269796455,4.228682084737493,3.7093312929610978,4.51592141765513,4.965208221112269,2.5679421642285125,4.9715502666317,2.581274764790307,2.7025807104352895,3.699003699815774,2.9711123544283087,5.129504115806732,4.464844097738985,4.023982852979602,4.653787904991624,4.00675692635749,4.198173965050545,3.9532644901698824,4.370011112928771,3.6853249520080116,2.002348898711162,2.02312397246265,4.978949623329024,4.005813481482174,4.99985448146545
64,4.590213365981707,3.532411256470615,3.922572138739261,3.4772175468161945,3.9073225650193004,3.866250975298451,3.2175669392281376,4.148760106745445,3.609534744292622,3.589263861576981,3.811408350605875,3.564529247703587,4.01226531218974,4.771610419621686,1.9695567967389545,4.9615745118182994,2.2551804939430506,2.5013499634716467,3.2076918251363065,2.0125580427867202,3.998373179010125,4.965200811197989,3.348952685495673,4.52984737665666,3.7054680972426337,3.5816299124167514,3.1143097214591595,3.9765662351300497,3.5748185303944515,1.0279691228833168,2.0069219557046467,4.4588061169388915,4.987640684698291,4.00210286324735
65,2.383673432789661,2.263652209343154,2.633391758957885,2.5246043454103346,2.5412980681569186,2.6320763881225235,1.7170333349819902,2.8308254633295715,2.321442292346082,2.3133284084543617,2.121991907419579,1.7809592382485706,2.542733835637984,2.9201510001916646,1.5186775408154038,2.5475743505921264,2.9684026974534787,1.8417421464373562,2.8575845004091867,2.01061040454813,2.9833314862323177,2.6294590080751297,2.3738708585711303,2.3720313022869473,2.1619863154432775,2.0830141851056005,2.3330674797101887,2.2964952903072122,2.5527454906587037,1.0126454552601638,1.8239481214883873,3.984419554418104,2.997859677881653,3.1555020383892387
66,2.987351785587317,3.1593190801433924,3.548721406082496,3.119920450402282,3.295375913042463,3.6733834927839153,2.450135550732131,3.335342990632748,3.4551372797991684,3.55369619640528,2.618664912838871,2.7580545859595755,3.562233790795365,3.113649296750892,2.8066723418003576,2.5555819773544783,3.9701556117425154,2.4913700930439773,4.001967301770778,4.9699115899370385,3.0065224960979053,3.1856485194263424,3.468144871698348,2.993469156225344,2.053964674445117,2.8003269040975165,3.024212926718132,3.2123700936964563,3.0084862800102172,3.562926356390526,3.294333778034866,3.928747445047473,2.957568972915835,3.9863997000165736
67,3.5384222939943633,2.8901792289052666,3.1271796534263014,2.4355319544965672,3.883627412315625,3.102630558269795,3.229656172640969,3.266696978163327,2.757244029844197,3.3731255565820257,2.716528246894631,2.6054184614911966,3.1412392520352843,3.6206122353516585,2.0277879948597004,3.718912908653903,1.0193807249893319,1.7258950178333108,2.5118850757987667,2.016142582489911,4.985497050514636,3.7826801535168357,2.564463316243542,4.088719335348168,3.2345795372018062,2.670930264075217,2.8946730429702154,2.3696020027610034,2.0097958134661025,1.9260225425577455,2.5227574265651747,4.975453111976545,4.96532061377939,3.991212803038656
68,2.290529464024969,2.500853748116561,1.978534512946773,0.8299855322007289,2.377037247697254,2.3527866158972346,2.0157379926371024,1.8444887111578696,2.0432674969279847,2.8568904648967552,1.167524591279564,2.260478259905472,2.109365022236097,1.004401870986325,3.174024520761068,1.310403461549546,1.0123252019447908,1.0178251412835855,1.842781277205723,4.971931471541306,2.7908855074349677,2.454182975868391,2.943000175954953,2.4590697103872836,1.2849556136250764,1.651123455588842,2.6261764044368,1.0645903938758803,1.9048259767289761,4.963365844146836,2.677526210242676,2.9928623471428346,1.900437929462732,1.0123197291705002
69,3.7125948302244556,3.873759835452708,3.822771748847017,3.456116808499007,4.017320888085623,4.450046923854192,1.5629801768038556,4.118510582796075,4.110695560346482,4.17793632723412,2.5185724554450384,3.7040503089703467,3.7040445848585932,3.7515239678944234,4.221616927426796,2.520518109928233,4.961517466371075,4.965109792522689,3.9919377509672955,4.9827882487927075,2.999770906946223,4.000977815633133,2.588951960120387,3.0566237478436564,3.4984708408457568,3.345230112489501,4.2661707815401755,3.5082282864599033,4.655871611332978,4.40375787696263,3.799385117497818,3.3033517580038527,3.917851484873321,2.0249074167313
70,4.059672404927802,4.492535127863309,3.850196344969652,3.3448784629301795,4.201748373080108,4.536528351039544,2.295825776995097,4.259765949357354,4.211982231889341,4.053809665521419,3.2185546763128405,3.840843866581635,5.190713418373368,3.608765443650086,4.288627578527731,3.7963563159742497,3.015600301851925,3.97852505322428,4.955300306945274,4.013452374468433,4.004487019632382,3.7976470394155193,3.882297557761493,3.648870435600683,4.191602118327756,4.185446542134733,3.5319167323887686,3.736542101409126,4.047246802899128,4.973627018039856,3.9982821190381,3.9901038645869535,3.013352209907954,4.995136713655623
71,4.2604375301714725,4.0479837544137345,4.1695972047637,3.1062931348050307,4.448395736649028,3.943119652097681,2.3615596287278335,4.1387479937265566,4.044695322514006,4.016152497166782,3.3463229876821723,3.951994663291366,4.458635419736292,4.5268196819141755,3.506192930822424,4.028431870277718,2.0006446527086457,3.9988623017728173,3.710829387718979,2.6313666054792004,4.848631673036553,3.610002312978696,2.748488355436267,3.9931628255409946,4.9439057808867535,4.184705428001244,3.8367661705131533,3.9035746325937684,3.7662935247265033,3.0034727680201194,2.7136392287434012,3.0000306647030883,3.878204601526861,3.995109337122228
72,2.473560647884276,2.940985345805307,2.890614322872478,2.3641527287380555,3.2795053432359813,3.281922871710642,1.718015115341808,2.940635052280092,3.206895801154481,3.4730330889378545,1.6970182556143387,2.6929800062300395,2.563106638503136,1.9912144784015642,3.516549950399123,2.0715229151685794,3.9558150814688453,3.000643294535487,3.01866359224158,3.999505340254387,2.004108586269584,2.8883554317818696,2.6692735502204794,2.402860913678799,2.0304665091297207,2.512148666421312,3.0921237416924257,2.6268485616042225,3.535036534457239,4.963154249636595,2.557364733877169,2.7432820371800264,3.1139465899175116,2.2733011064495052
73,1.3402321701017914,1.8402315781376435,1.2157915178192138,1.122797959232058,1.518413184445964,1.7172347413484166,0.8835706477027867,1.5113182626894406,1.2269428546016934,1.5326213772624595,1.563364173079004,1.2707871985840395,1.933338679875749,2.3399098478852984,0.9158302077646275,1.5982952574963136,0.9871291928613826,1.6086986042340476,1.761044613690228,2.0142343657663164,2.97618855225257,1.6397643318291155,1.4329612827406308,1.3659638771547509,1.6197912673971158,1.4629382351614453,1.435996872093901,1.0864603319853747,1.0087732100184992,1.299920601402932,2.9768302271295157,2.9895725142426923,1.0167585579569962,2.540510057517351
74,3.384963326162321,3.5195862353264538,2.8912545661486573,2.221958045745531,3.2832992477648437,3.4107989550360442,2.996128078807929,3.062449195651292,2.8544576384564877,3.455274338114525,2.702245850666228,2.8798502739850065,3.7784638741490655,3.1133243409797866,2.9316578760610197,2.7666353976760782,1.0318629134600337,1.993380351551851,2.9826979766895794,4.971629288539657,4.994672666944983,3.6110460197576892,3.4275734899236183,3.743522482809324,2.7011961290733724,2.7600983632205174,3.2242780494746097,2.21333376680577,2.0087170277295368,3.4533739555047944,3.6470964286348173,4.978715976414392,2.549667972839433,3.572804956922379
75,4.199941536731768,3.730400731972885,4.037741937903294,2.8522417813636105,3.8579991968580742,4.4442377756291265,1.92107637626965,4.125929122100553,3.76640021703997,3.7869633856775757,2.779389759892222,3.9118528056929076,4.75464580327913,4.355031845643935,3.8150449100454153,3.752286587383026,3.994827127804582,3.4239167701796767,4.979619526266187,4.993157850333847,3.8853872819678545,4.374473909394565,4.376701559403911,3.4990380623446242,3.7019685452313995,3.343915199582655,3.4492530005524435,3.2599499733866475,4.980514532048953,4.182213861408604,4.984549202553992,4.993059420146777,4.308681585877688,4.006581469895049
76,3.1772401318433965,2.830744359457392,3.7795690401419946,3.3531825846433554,3.48372047855564,3.591015590126906,2.263437168253036,3.6002037864062197,3.4127321414921608,3.212470784388437,2.8584085482761292,2.7225923886548973,3.7755400611391825,3.9512260485485444,2.087517473483233,3.4738068967651663,3.9705036791121207,2.5634260934781006,4.246322076020376,2.9032063386596,3.1129142568015458,3.264371016813988,3.189300609813385,3.064646314849101,2.7704303786116595,2.9681080880869364,2.5485392712526056,3.5476089171936436,3.358236113437532,2.012148951984433,2.9952165293933004,3.999885659695763,3.988667824987461,4.976686998194586
77,3.7113762402608237,3.1768562136198844,4.036210362489168,2.8165260398084753,3.2156685289676075,3.642564930953943,2.6465396679014273,3.4905625790760926,3.2207793430171447,3.3100103293501513,3.002337752576337,2.8591072657764123,4.414867478927174,3.6591212720793815,2.4306548152997323,3.3761807457846866,2.9986173047967246,1.0302242291838144,4.966283223995797,4.978293896217589,3.991029688509186,3.1750422565536223,4.797679450094066,3.3801837430701833,2.491117463036224,2.928836368403025,2.6558145186171265,3.023404653400451,2.9387758370763057,3.006213566164819,3.990513403743224,5.000489147198409,3.2939762148109137,4.9901073089607175
78,2.708155716734517,2.5362135219001116,2.8259400591492656,1.757296874319843,3.0137027744982197,2.445496460395319,1.9031288391403516,2.739581878735789,2.46810547408096,2.6319829446674303,1.9750129641169627,2.50484352221619,2.837169602915352,2.7120185292285894,2.4833149029377535,2.80903257263305,1.009325236538864,2.0041703459411977,1.9676650312624457,2.0060015525020884,3.969433796653536,2.543192685074901,2.4415602648919315,2.8560368207287206,3.1078521337584966,2.569355495786724,2.6887359498002508,2.317284103455871,2.97061996487035,2.0559373452150953,1.0097035530066218,2.880795137880023,2.538271569097818,2.6149426935265314
79,3.9397561409248496,3.955447321356948,4.497218396722045,3.8678235623736987,4.079044941240947,4.262338072464729,2.7119767724258765,4.127400234670499,4.143708926886754,4.2203129712759395,3.416810094670459,3.217457625491703,4.405809301249768,3.853311029453926,3.1794437122733235,3.148381537025695,3.9758723059635015,2.839551168804985,4.965072942062429,4.982770427370161,3.9872382664145585,3.262020277050819,3.752888648138152,3.5802778359959055,3.1595332570967836,3.6982065516022335,3.6884493670539866,3.8952986517537918,3.0197444983963866,3.712289815929722,3.599105969077671,4.007874585113961,3.539107481855684,4.5486239665269705
80,3.671632469815656,2.5416952860802895,4.09643158492451,3.3010932215589364,3.2174048083339892,3.5128233296391724,2.124083079620726,4.069781652575579,3.276605713469153,2.712113258183664,2.2691851355133053,2.4589535631322073,3.671691299872895,2.7818623531319844,2.6565767247458725,3.832152202961117,4.967431901737954,1.0269701864905039,4.973876673533384,2.0209709343405753,2.0032253377561706,3.457421362816148,4.706060528116787,3.1024476207621596,2.5935081801195277,2.6203230482720157,2.6024808757067004,3.1959050215827634,4.973351183339431,1.916333457687147,1.0184181780405575,4.979513514987376,4.9836211263149295,4.000719150960588
81,4.161607686357345,3.1929878949033714,4.370053922668083,2.5231902956884964,4.427578515566893,3.964763714633178,1.9028221100603515,3.804778416014575,4.033410040376374,4.13575675065559,2.3355625758297283,4.326068014951561,3.986172852481872,4.094768282216791,4.110970340625466,3.4385918929900643,3.0091419744503582,3.990154507449538,3.4875225350884076,3.9783482853874657,3.3259545148913103,3.898464417512052,2.87726603184787,3.6138609818603524,4.142434640026265,3.444023901136169,3.5553878871498585,3.6506731756398896,4.965731799034675,4.308497412821948,3.281909676031285,2.027260934199661,4.9724200494492825,2.537538503142792
82,3.9522400938135274,4.143582055922348,3.769901224679293,3.309375771127619,4.417566309539108,3.9894376487299352,2.801876857248552,4.02656301814114,3.91327237505316,4.178016435706324,3.4493878157250077,3.6332505680347875,4.06897437472592,4.234791184252394,3.2486716135658025,3.869578059740429,2.0000019633525024,3.9843497491725044,3.0313212395128293,3.0102235899995478,4.979572053467363,3.9856448481084876,2.516465682916634,4.0767726126758985,4.257117720330314,3.9848463916659034,3.889984915862434,3.7616464554949514,3.2015019987937094,3.158126440482617,2.640331697348664,3.6172927020351877,3.6486561217189655,3.8963591953065118
83,3.865940684222365,4.246105846755305,3.551239786034178,3.3213194442751095,4.427626325689235,4.600230539342177,2.4551131567631073,4.199905715549454,3.992898120272721,4.180327972572943,3.3079874708920345,3.9318901069429497,4.722985728852776,4.893787235733531,3.6135907697204233,3.9778512905223717,3.145334124339808,4.962373600922696,4.003196365919218,4.007187680028942,4.999970488788019,4.6730505590644515,2.9207673659974893,3.913129183030629,4.300987538056206,3.8474532691608254,3.734790441169838,3.607244380866118,4.001120775591807,3.841431045863443,4.984774949124819,4.98198981370653,4.000508904861313,4.98828958090618
84,3.349871431631794,2.7704192954511706,3.03170433117612,2.046609075541343,3.113102546074842,3.80971834704692,0.8642525001786907,3.242236355137182,3.168073020132053,3.012240156388225,1.8232893410620596,3.6927404859252606,3.8735717393969216,3.7807792078808085,3.5150866434907075,2.9860530736582236,3.8138533584298755,3.9808179994670603,3.9974141700659045,3.9895493588784956,2.0261681576180237,3.976166177590247,3.016531570793611,2.50565301406084,3.1693931221235694,2.5880890380957347,2.521401146639187,2.7066383287531677,4.973343385752417,3.962708569106943,4.978702024682306,3.118831602984871,3.991190559716304,2.7342691003853314
85,3.451471219796603,3.2569005175778036,3.427193874611791,2.756511129124924,3.1569688032680645,3.6511113206722747,2.551701420730743,3.4186863259189284,3.12197547101346,3.30853779883222,2.6740625002536174,2.8551269270412436,3.903756794401901,3.360012976530654,2.811875439825404,2.8828514786279955,2.956250037841429,2.0017452166740073,3.9824922652957375,4.971015498283284,3.908719266908882,3.5998357132227885,3.9381819802241043,3.3677710056732293,2.4694064293114217,2.7089690427833912,3.091375826523021,2.7177409583978234,3.0687528365362495,3.010219346241865,3.5519307413872445,4.985595992380383,3.0775794243077144,3.7699180516920054
86,3.741161966465815,4.084106613387786,4.366435568305879,4.12337629807175,4.478809627360125,4.204197215708505,2.9597313698334258,4.420112822118575,4.5440065562891885,4.122045858220675,3.3501849399252994,3.5291226192050935,4.612678816943099,3.497645497898266,3.8170958676952607,3.7009200449677637,3.3035262195188144,3.9685233769128745,3.9842050170117034,2.9922265007442745,3.903073623129095,3.454262589888419,3.141573850753134,3.9379610926670425,4.026874046319897,4.286022774071805,3.792146435264683,4.599039523831681,3.98873183191621,3.2675997920611826,1.03106353771809,3.0018465125510816,3.001440687410997,4.977662878054637
87,2.95663852976574,3.241638425691761,3.495464981567327,2.8273357645285837,3.9588786014819113,3.1327853489270483,3.8041625354879067,3.1922467825663885,3.339398477493619,3.9167595893812694,2.7817776980678732,2.681288447381986,3.058981479366348,2.8520041255447346,2.7222151495008347,2.8984809553073485,1.5020787145817063,1.9780762068376594,2.029111550851199,3.9691199334938285,4.984061684740579,3.229098028302821,2.8548713978588056,4.0711005528210595,2.5164119014779986,3.0062111751424934,3.541034901710657,3.121268276483854,2.0398967367412912,2.9993098003867575,1.023784598921374,3.995481071666413,2.9874014158926867,3.9747437009337143
88,3.706628220640196,3.512656044954038,3.4307649821268713,2.280626598951713,3.806753596611095,3.8761001676280538,1.9813125949843604,3.610886856495035,3.2026332803223645,3.5683860470007365,2.765320313823096,3.601250758389961,4.234296346083903,4.619325065394652,3.093728012606714,3.7942657447604704,2.4787244425241988,3.420216333979745,3.76979350353811,4.009689790894554,4.979058589253978,4.106995115420078,3.450249230621264,3.462625086992241,3.883273214505613,3.1745994919025518,3.216729964748646,2.7870012433776252,3.9834613137354022,3.4685637683713444,4.974543663504571,4.991848278934034,4.000924007664966,4.159976939518319
89,3.978078169910357,3.415148674143902,3.5233707378066565,2.3387510635390503,4.045651966352784,3.7295954384891044,2.7782372272216374,3.506039557493819,3.1646224443875646,4.103920671151366,2.4851341845438393,3.322879298492171,3.1687075458112854,3.763746429827902,3.2934639187614687,2.907555107424683,2.252677127136507,2.6457057507998303,2.842481649900391,4.981741861653611,4.980507777627479,4.260780118381874,2.978608751029446,3.996862018960437,3.174309053665801,2.6592184935476872,4.018991148360663,2.276117872026636,3.006346805827914,3.7770282332636023,3.993308811731867,4.986607439717837,4.974858906864532,2.024599189877301
90,3.1424578747855882,2.427276712143167,3.171855358930252,2.087481151964437,3.2706499204872106,2.8419492584597377,1.8168422919070735,3.148923443802089,2.79930401931711,2.8295345432724264,1.7619475930319524,2.7737249580249266,2.7885679659597673,2.70815218056444,2.9168834622541135,2.9533404328696164,2.324166919191909,2.269077304645529,2.4574162064370135,2.004895497800118,2.9885418280426252,3.155155646309979,2.6250761298968346,2.9990150265461457,3.0991864558825144,2.460511346176712,2.885984130941938,2.5008133797231884,3.9679582043816612,2.3424430251776434,1.0146684915728703,2.9953239402665384,3.9821170548553995,2.007621842252879
91,3.5868129686350323,2.894045435345736,3.136965080762036,1.989402629834892,3.6443812415102386,3.4686371254441215,2.0978804121201753,3.159323767410889,2.953483444109499,3.587372291510024,1.9820928631214432,3.196552876604179,2.986604146777485,3.2727192253819353,3.2061019073819175,2.8378064532082377,2.5679853479540466,2.6397449713522985,2.992996431569497,3.9954700855612697,3.4595992758038734,3.9230180345373795,2.7692388753327237,3.3460995779778515,2.902303700304498,2.3885324288311747,3.205875457940584,2.14580441855042,3.3579017266237763,3.9874932246128427,3.9882411193453677,3.99048088222609,4.971765937377428,2.014894094606601
92,2.4167183607249725,3.314890240594972,2.967620114660007,2.777201986571416,3.142633066317409,2.7967644429877225,3.0336169574947274,2.976998629664629,2.892827243349193,3.0369100788760277,2.9629314519880907,2.1125151059764025,3.4825001789731416,2.731306532986334,2.1236119435976883,2.870211224387536,1.1302913792298328,1.7958426137318226,2.561242280261763,2.9944679782777097,4.969631516517368,2.3231521191593005,2.979173159359074,3.2467956523527093,2.6153469653454726,3.1446473235952936,2.8654988354318776,2.9846554894184854,1.63392580839769,2.0717247788070936,1.0160399047576163,3.9911783869657214,1.0213395325446155,4.974207594018779
93,3.02815540492039,2.9379689704107506,3.274309030763268,2.5824423736283824,3.962915611910767,3.1138319102190817,2.513635024580967,3.15574858672318,3.184043915572921,3.520721744872099,2.5101705598872392,2.766425806467557,3.146544531377877,3.25861235584134,2.5483960964614027,3.210337929919343,1.748957336880657,2.774227342974935,2.6663006224911427,2.0155208237423725,3.984905384126073,2.928742514228343,2.012852316587397,3.345907801506784,3.3142589698792153,3.0475541942595106,2.818923116570525,2.9537270279391685,2.386457478320082,2.9829487993549515,2.290422634075798,2.9308844251792636,3.9811556117397506,3.9810794444689073
94,2.3274947925175633,2.443545451575039,1.983012634626034,1.635195198409243,2.015293456339224,2.8468491377671534,1.4945912647352777,2.329237168228359,1.9080145492581866,2.1278546792663087,2.148028992858244,2.213230801332253,3.34924294294625,3.5168562831733525,1.5697281555244416,2.5433589481393852,2.071765369003771,1.9633435311107295,3.2737692751426684,3.9897263299194083,3.5878039932133383,3.1208863716729884,3.088415805993022,2.2508144081033885,1.939905243780893,1.8675984898811104,1.788090461765048,1.6627437856052478,2.2960694894270732,2.0138701500839162,4.96983228054747,4.979173682607682,2.012845634779033,3.989464852591938
95,3.9033682047282374,3.777247030155192,3.005125297248777,2.605126457339787,3.605693697430355,4.223758074233928,2.708751520909823,3.660890572348432,3.498665024009039,3.825440408080259,2.5072748287127067,3.628785366516213,3.902472715833159,2.9521419995045823,3.9243058092079313,3.390807265111906,3.165945668882528,3.037932380814885,3.6245870500771233,4.991013772367912,3.022859180182744,4.964692215679333,3.969328776741223,3.828140984469528,2.6421586500715017,2.922902304663886,3.34373004451561,2.759839438420213,4.065901393276855,4.97765628969675,3.9972592261596,4.984451871812321,4.000802833506562,3.0029015641134267
96,1.1578408275207037,1.3769295400772683,1.3566571658348645,1.7314140710781916,1.2167970507257881,1.7235192433519526,1.5985052803654942,1.650000000976748,1.5071489827873958,1.0994387150794183,1.4165853776310284,0.9222994006188339,2.247203323379648,1.1646454670321662,0.8845611365444325,1.9316027766936728,1.9071064731527363,0.45345635711805177,2.489454868448957,1.2539767720546064,1.027975808011002,1.6756631857569584,2.469065161366645,1.5239936346937912,0.6324015369915608,1.3306419026846061,0.5958543599567903,1.662294300194215,1.4790444192084726,0.9974122804571892,1.0074302154195416,2.9769282113568143,1.0044791746750326,3.963266121672872
97,3.917784807292681,3.9186853652948708,4.112174916829447,2.9404798139559993,4.377006988348289,4.201014941395548,2.8486799340982927,3.8864788385673408,4.056122451006665,4.2995238329446375,3.087588300898096,3.829661988850388,4.542777305112967,3.8308908279455975,3.733499424734101,3.9010067625121065,2.9137973537286235,3.0983879761462223,4.315239158977808,4.47899221363492,4.194067869265852,3.8743685609852276,3.9882764950393006,3.907823946791797,3.5659328765951006,3.776006352584626,3.382849537631725,3.686738620478866,3.7849771966277226,4.977179513515895,3.991641024433256,4.006455037078771,3.992560190543685,4.98108726936431
98,4.207555296423895,3.7731479209917413,4.233549101225597,2.8401869077219595,3.9186001263264916,4.273975027983289,2.4944488413254193,4.127836266630655,3.8623871996310717,3.77433508477662,3.089159585352996,3.960389985902781,4.958226007701904,4.289978549376817,3.598163122666967,4.382581185195786,3.4405066665382975,2.731603892338155,4.857986962773901,4.505673701120008,4.112122686030699,4.32463225750435,4.9710243282609055,3.852229398599275,3.683088330736667,3.6335439198131914,3.241473273135522,3.663970842639362,4.980896924388272,3.9991042347946957,3.990673700627958,5.000866279169251,3.9988163736260556,4.990250173622987
99,2.516889730999907,2.0240023064570445,2.069438645826426,1.7046999168989414,1.9919952928875846,2.4846503056865537,1.7712272805969926,2.420795452636314,1.7257784732869266,1.886554189684247,1.89526881517575,1.8435877261162172,2.687309553994957,2.9221474190840637,1.3284583510795684,2.6487103797997933,2.0105427457133125,1.0394464834821189,2.7763600065918888,2.663462873433814,3.095083119261156,3.1521199269394047,2.9880652952601534,2.4975908899626154,1.7965632119505326,1.5517226868546938,1.8477864798658252,1.490674709838612,2.3875777757071917,1.0188243303976354,2.98931030317294,4.971763205780901,2.9924194749420043,3.0019618938592534
100,2.4555103508210676,1.926502321178671,2.7037623058235187,1.878218029782664,2.6614237968995695,2.771798955753804,1.3317807429780593,2.4866655332047363,2.3825868006142046,2.2274663557950563,1.9841974563866025,2.494216142195185,3.542535945905996,3.438356711346728,1.6097231199432127,3.150115227684914,2.27609064668714,2.0937550704508956,3.576047938305634,2.3572619083424615,2.560983818177992,2.6813005115579513,2.83884950044601,2.165198656110783,2.411945275934044,2.2550420104365974,1.0238181809962852,2.540440815541238,2.987012798260659,2.165986524034401,3.9827833709493072,3.0063579399850155,2.9904935151434144,4.967234234711833
